text,label,notes,source_url,reviewed
"My neighbor had a power wagon on the farm for many years while I was growing up. His son and I took that truck places that no other truck at that time could have gone. I wish that I could have one today. It was slow, but seemed unstoppable. It was powered by a 120 hp six cylinder Perkins diesel that we learned to repair.",reasoned_contribution,"Specific firsthand experience, performance outcome, and mechanical detail.",https://www.reddit.com/r/4x4/comments/1toawkl/comment/oo0gr3q/,yes
You don't see them anymore because they were all run into the dirt until nothing was left. They were some of the most rugged and reliable trucks ever built.,unsupported_take,Makes a strong reliability claim without enough specific evidence.,https://www.reddit.com/r/4x4/comments/1toawkl/comment/oo2gicy/,yes
"frames engineered for controlled twisting kind of do that job pretty well while being way less complex (found in i.e. GAZ-66 ""Shishiga"")",reasoned_contribution,Explains an alternative engineering approach and gives a concrete example.,https://www.reddit.com/r/4x4/comments/1toawkl/comment/oo042r8/,yes
Because it’s unnecessary complicated and doesn’t solve a real problem that people have with traditional trucks,unsupported_take,Provides a conclusion but lacks specific technical support or an example.,https://www.reddit.com/r/4x4/comments/1toawkl/comment/onzsxm7/,yes
"More complicated means it's harder and more expensive to fix, which is not a good combination for a rock crawler that might need trail maintenance when something gives.",reasoned_contribution,Connects complexity to repair cost and trail-maintenance consequences.,https://www.reddit.com/r/4x4/comments/1toawkl/comment/oo041es/,yes
Definitely. The crawlers also need to dial in articulation to create traction and avoid unloading of suspension when climbing and descending obstacles. An uncontrolled pivot point in the frame would lead to some weird handling in off camber situations.,reasoned_contribution,Uses off-road handling and suspension reasoning to support the claim.,https://www.reddit.com/r/4x4/comments/1toawkl/comment/oo12xuw/,yes
This is the answer,reaction,Simple agreement with no additional argument.,https://www.reddit.com/r/4x4/comments/1toawkl/comment/ooxkln3/,yes
Mainly because it didn’t actually solve any problems but sure would create a bunch.,unsupported_take,Strong judgment without describing the problems it would create.,https://www.reddit.com/r/4x4/comments/1toawkl/comment/oo05jxw/,yes
9 out of 10 chiropractors hate it!,reaction,Humorous reaction rather than a serious argument.,https://www.reddit.com/r/4x4/comments/1toawkl/comment/ooi1ia2/,yes
“Frame”,reaction,Short sarcastic reaction without a developed claim.,https://www.reddit.com/r/4x4/comments/1toawkl/comment/oo64f1p/,yes
